1,M,Robert,Howell,rhowell0@princeton.edu,Yemen,Snaptags,https://robohash.org/facereeumdignissimos.png?size=50x50&set=set1
2,M,Robert,Wood,rwood1@vkontakte.ru,Thailand,Jabberbean,https://robohash.org/distinctioveliteos.png?size=50x50&set=set1
3,M,Wayne,Martin,wmartin2@google.ru,Portugal,Yodoo,https://robohash.org/dolordoloresneque.png?size=50x50&set=set1
4,W,Donna,Adams,dadams3@nbcnews.com,Nigeria,Shuffledrive,https://robohash.org/dignissimoseosmolestiae.png?size=50x50&set=set1
5,W,Theresa,Washington,twashington4@microsoft.com,Sweden,Tambee,https://robohash.org/nequenihilvoluptatem.png?size=50x50&set=set1
6,M,Victor,Bradley,vbradley5@dailymotion.com,China,Photobean,https://robohash.org/vitaedeseruntquia.png?size=50x50&set=set1
7,W,Stephanie,Wheeler,swheeler6@hp.com,Russia,Kanoodle,https://robohash.org/iuresimiliquenihil.png?size=50x50&set=set1
8,W,Laura,Robinson,lrobinson7@vk.com,China,Kare,https://robohash.org/estdoloresunt.png?size=50x50&set=set1
9,M,Todd,Ruiz,truiz8@themeforest.net,Dominican Republic,Riffpedia,https://robohash.org/sapienteaccusantiumquo.png?size=50x50&set=set1
10,W,Laura,Jenkins,ljenkins9@artisteer.com,China,Bubblebox,https://robohash.org/situllamut.png?size=50x50&set=set1
11,W,Jennifer,Hall,jhalla@elegantthemes.com,Sweden,Topiclounge,https://robohash.org/consequaturrerumsed.png?size=50x50&set=set1
12,W,Teresa,Simmons,tsimmonsb@vk.com,China,Tagopia,https://robohash.org/ametmaximeaut.png?size=50x50&set=set1
13,W,Cynthia,Duncan,cduncanc@infoseek.co.jp,China,Jabbersphere,https://robohash.org/fugadebitisreiciendis.png?size=50x50&set=set1
14,M,Mark,Knight,mknightd@ucoz.com,Japan,Bluezoom,https://robohash.org/etsedea.png?size=50x50&set=set1
15,M,Brandon,Ford,bforde@purevolume.com,Dominican Republic,Brightbean,https://robohash.org/minusutsit.png?size=50x50&set=set1
16,W,Martha,Reynolds,mreynoldsf@sohu.com,Philippines,Aivee,https://robohash.org/facilisconsequaturcommodi.png?size=50x50&set=set1
17,W,Tina,Garza,tgarzag@addtoany.com,South Africa,Tagpad,https://robohash.org/rerumipsaoccaecati.png?size=50x50&set=set1
18,W,Jean,Smith,jsmithh@chicagotribune.com,Ireland,Zava,https://robohash.org/mollitiaexcepturiamet.png?size=50x50&set=set1
19,W,Kathy,Black,kblacki@salon.com,Cameroon,Thoughtstorm,https://robohash.org/voluptatemetexercitationem.png?size=50x50&set=set1
20,W,Stephanie,Rodriguez,srodriguezj@scribd.com,Ethiopia,Pixoboo,https://robohash.org/autmaximetenetur.png?size=50x50&set=set1
21,M,Gary,Webb,gwebbk@issuu.com,Kiribati,Topiclounge,https://robohash.org/earumquoarchitecto.png?size=50x50&set=set1
22,W,Julie,Woods,jwoodsl@dailymail.co.uk,Poland,Feedfish,https://robohash.org/enimquisquamipsum.png?size=50x50&set=set1



23,W,Maria,Powell,mpowellm@soup.io,China,Cogibox,https://robohash.org/quiexcepturimagni.png?size=50x50&set=set1
24,M,Samuel,Nguyen,snguyenn@slashdot.org,Mexico,Kwilith,https://robohash.org/voluptatemquiaoptio.png?size=50x50&set=set1
25,M,Clarence,Russell,crussello@oaic.gov.au,Canada,Bubblemix,https://robohash.org/repudiandaeseda.png?size=50x50&set=set1
